{
	"name": "Focus Highlight Color",
	"author": "FlanGrande",
	"target": "System-Wide",
	"version": "v1.2",
	"description": "Changes the color of the thin animated border that appears around certain boxes, like game covers on Home and Library. The only exception is iun the store, since that's running in a browser and is not exposed for us to change, AFAIK. Compatible with the \"Round\" theme.\n\nThe border dances, lively and bright,\nAround game covers, a colorful sight.\nChanges hue, with each new theme,\nIn Home and Library, it gleams.\n\nBut in the store, a different tale,\nIt's trapped in a browser, no room to exhale.\nWe cannot change it, that's a fact,\nIn the store, it must stay intact.",
	"manifest_version": 5,
	"patches": {
		"Highlight Colors": {
			"type": "none",
			"values": {
				"_": {
                    "shared.css": ["SP", "QuickAccess","MainMenu"]
                }
			},
			"components": [
				{
					"name": "Main Color 1",
					"type": "color-picker",
					"on": "_",
					"default": "#FFFFFF9A",
					"css_variable": "flangrande-base-highlight-color",
					"tabs": [
						"SP",
						"QuickAccess",
						"MainMenu"
					]
				},
				{
					"name": "Main Color 2",
					"type": "color-picker",
					"on": "_",
					"default": "#FFFFFF44",
					"css_variable": "flangrande-blinked-highlight-color",
					"tabs": [
						"SP",
						"QuickAccess",
						"MainMenu"
					]
				},
				{
					"name": "On Highlighted Color",
					"type": "color-picker",
					"on": "_",
					"default": "#FFFFFF33",
					"css_variable": "flangrande-start-highlight-color",
					"tabs": [
						"SP",
						"QuickAccess",
						"MainMenu"
					]
				}
			]
		},
		"Round Compatibility": {
			"type": "checkbox",
			"default": "No",
			"values": {
				"Yes": {
					"round-compat.css": [
						"SP",
						"QuickAccess",
						"MainMenu"
					]
				},
				"No": {}
			},
			"components": []
		}
	}
}

